<?xml version="1.0" encoding="UTF-8"?>
<project-private xmlns="http://www.netbeans.org/ns/project-private/1">
    <editor-bookmarks xmlns="http://www.netbeans.org/ns/editor-bookmarks/2" lastBookmarkId="0"/>
    <open-files xmlns="http://www.netbeans.org/ns/projectui-open-files/2">
        <group>
            <file>file:/var/www/html/catira/src/Visoes/base.twig</file>
            <file>file:/var/www/html/catira/src/rotas.php</file>
            <file>file:/var/www/html/catira/src/Visoes/meusDados.html</file>
            <file>file:/var/www/html/catira/public/js/funcoes.js</file>
            <file>file:/var/www/html/catira/src/Visoes/index.html</file>
            <file>file:/var/www/html/catira/src/Visoes/cadastro.html</file>
            <file>file:/var/www/html/catira/src/Controladores/ControladorTelas.php</file>
            <file>file:/var/www/html/catira/src/Controladores/ControladorProduto.php</file>
            <file>file:/var/www/html/catira/src/Visoes/contato.html</file>
        </group>
    </open-files>
</project-private>
